{"cameraMode":{"drawMode":0,"name":"Shaded","section":"Shading Mode"},"sceneLighting":false,"audioPlay":false,"sceneViewState":{"showFog":true,"showMaterialUpdate":false,"showSkybox":false,"showFlares":true,"showImageEffects":true,"showParticleSystems":true},"in2DMode":false,"pivot":{"x":0.0,"y":1.4435499906539917e-8,"z":0.013383500277996064},"rotation":{"x":0.06846112012863159,"y":-0.9312251210212708,"z":0.2400732934474945,"w":0.26555150747299197},"size":0.015053593553602696,"orthographic":false}