{"cameraMode":{"drawMode":0,"name":"Shaded","section":"Shading Mode"},"sceneLighting":false,"audioPlay":false,"sceneViewState":{"showFog":true,"showMaterialUpdate":false,"showSkybox":false,"showFlares":true,"showImageEffects":true,"showParticleSystems":true},"in2DMode":false,"pivot":{"x":0.030422165989875795,"y":-0.02631080150604248,"z":-0.03678051009774208},"rotation":{"x":0.02205507643520832,"y":-0.7200167179107666,"z":0.02291298657655716,"w":0.6932699680328369},"size":0.24423614144325257,"orthographic":false}