{"cameraMode":{"drawMode":0,"name":"Shaded","section":"Shading Mode"},"sceneLighting":false,"audioPlay":false,"sceneViewState":{"showFog":true,"showMaterialUpdate":false,"showSkybox":false,"showFlares":true,"showImageEffects":true,"showParticleSystems":true},"in2DMode":false,"pivot":{"x":-0.05029755458235741,"y":-0.0010728819761425257,"z":0.0730324313044548},"rotation":{"x":0.006658256519585848,"y":0.9725725054740906,"z":-0.028024334460496904,"w":0.23092234134674073},"size":0.007917815819382668,"orthographic":false}