{"cameraMode":{"drawMode":0,"name":"Shaded","section":"Shading Mode"},"sceneLighting":false,"audioPlay":false,"sceneViewState":{"showFog":true,"showMaterialUpdate":false,"showSkybox":false,"showFlares":true,"showImageEffects":true,"showParticleSystems":true},"in2DMode":false,"pivot":{"x":0.02893983945250511,"y":0.8652368783950806,"z":1.161277413368225},"rotation":{"x":-0.10809861123561859,"y":-0.0035655819810926916,"z":0.00038820557529106736,"w":-0.9941636323928833},"size":0.8129849433898926,"orthographic":false}