{"cameraMode":{"drawMode":0,"name":"Shaded","section":"Shading Mode"},"sceneLighting":false,"audioPlay":false,"sceneViewState":{"showFog":true,"showMaterialUpdate":false,"showSkybox":false,"showFlares":true,"showImageEffects":true,"showParticleSystems":true},"in2DMode":false,"pivot":{"x":0.2273225486278534,"y":1.0857157707214356,"z":-8.040590286254883},"rotation":{"x":-0.055445119738578799,"y":-0.6831903457641602,"z":-0.052156172692775729,"w":0.7263023853302002},"size":0.18135935068130494,"orthographic":false}