{"cameraMode":{"drawMode":0,"name":"Shaded","section":"Shading Mode"},"sceneLighting":false,"audioPlay":false,"sceneViewState":{"showFog":true,"showMaterialUpdate":false,"showSkybox":false,"showFlares":true,"showImageEffects":true,"showParticleSystems":true},"in2DMode":false,"pivot":{"x":3.190034866333008,"y":1.5568287372589112,"z":1.7613459825515748},"rotation":{"x":-0.07935840636491776,"y":0.28107696771621706,"z":-0.02332703024148941,"w":-0.9561489224433899},"size":0.6225752234458923,"orthographic":false}