{"cameraMode":{"drawMode":0,"name":"Shaded","section":"Shading Mode"},"sceneLighting":true,"audioPlay":false,"sceneViewState":{"showFog":true,"showMaterialUpdate":false,"showSkybox":true,"showFlares":true,"showImageEffects":true,"showParticleSystems":true},"in2DMode":false,"pivot":{"x":0.1757085919380188,"y":0.5138444900512695,"z":-3.158663034439087},"rotation":{"x":0.058709144592285159,"y":0.04758133366703987,"z":-0.0027967668138444425,"w":0.997172474861145},"size":3.121818780899048,"orthographic":false}