{"cameraMode":{"drawMode":0,"name":"Shaded","section":"Shading Mode"},"sceneLighting":true,"audioPlay":false,"sceneViewState":{"showFog":true,"showMaterialUpdate":false,"showSkybox":true,"showFlares":true,"showImageEffects":true,"showParticleSystems":true},"in2DMode":false,"pivot":{"x":3.5235671997070314,"y":-2.7257134914398195,"z":8.716032981872559},"rotation":{"x":-0.12099521607160568,"y":-0.09127753227949143,"z":0.011167092248797417,"w":-0.9884077906608582},"size":8.765027046203614,"orthographic":false}