{"cameraMode":{"drawMode":0,"name":"Shaded","section":"Shading Mode"},"sceneLighting":false,"audioPlay":false,"sceneViewState":{"showFog":true,"showMaterialUpdate":false,"showSkybox":false,"showFlares":true,"showImageEffects":true,"showParticleSystems":true},"in2DMode":false,"pivot":{"x":-0.000975564238615334,"y":0.12903432548046113,"z":0.00933671835809946},"rotation":{"x":0.37975767254829409,"y":-0.5746997594833374,"z":0.34123218059539797,"w":0.6396008133888245},"size":0.05307767912745476,"orthographic":false}