{"cameraMode":{"drawMode":0,"name":"Shaded","section":"Shading Mode"},"sceneLighting":false,"audioPlay":false,"sceneViewState":{"showFog":true,"showMaterialUpdate":false,"showSkybox":false,"showFlares":true,"showImageEffects":true,"showParticleSystems":true},"in2DMode":false,"pivot":{"x":0.6223626136779785,"y":2.1884498596191408,"z":12.495564460754395},"rotation":{"x":-0.1925898790359497,"y":0.01120063941925764,"z":-0.002197609981521964,"w":-0.9812425971031189},"size":9.115277290344239,"orthographic":false}