{"cameraMode":{"drawMode":0,"name":"Shaded","section":"Shading Mode"},"sceneLighting":true,"audioPlay":false,"sceneViewState":{"showFog":true,"showMaterialUpdate":false,"showSkybox":true,"showFlares":true,"showImageEffects":true,"showParticleSystems":true},"in2DMode":false,"pivot":{"x":-0.04590931534767151,"y":1.138740062713623,"z":-8.151503562927246},"rotation":{"x":-0.03545835241675377,"y":-0.3466651141643524,"z":0.013099743984639645,"w":-0.9372476935386658},"size":0.058412790298461917,"orthographic":false}